Number of Elements (n)	 Time (sec) 
10	3.33333
100	4.33333
1000	5.66667
10000	20.6667
100000	136.667
1000000	1615.33
10000000	17765.7
