Number of Elements (n)	 Time (sec) 
10	0.333333
100	0.333333
1000	0.333333
10000	0.666667
100000	1
1000000	1
10000000	1
